# old path	new path (git mv; tools/remap_codegen_paths.py rewrites references)
codegen/api_facade.py	codegen/proofs/facades/api_facade.py
codegen/api_gate.py	codegen/proofs/facades/api_gate.py
codegen/arr_laws.py	codegen/proofs/laws/arr_laws.py
codegen/bitfix.py	codegen/proofs/support/bitfix.py
codegen/bitlist_laws.py	codegen/proofs/laws/bitlist_laws.py
codegen/bits_view.py	codegen/proofs/collections/bits_view.py
codegen/bitsim.py	codegen/proofs/support/bitsim.py
codegen/blist_laws.py	codegen/proofs/laws/blist_laws.py
codegen/boxedview.py	codegen/proofs/collections/boxedview.py
codegen/cached_laws.py	codegen/proofs/laws/cached_laws.py
codegen/check_schema.py	codegen/impl/check_schema.py
codegen/coll_laws.py	codegen/proofs/collections/coll_laws.py
codegen/coll_witness.py	codegen/proofs/witnesses/coll_witness.py
codegen/deep.py	codegen/proofs/support/deep.py
codegen/doc_figures.py	codegen/docs/doc_figures.py
codegen/e2e_arr512.py	codegen/proofs/bridges/e2e_arr512.py
codegen/e2e_bbatt_gen.py	codegen/proofs/bridges/e2e_bbatt_gen.py
codegen/e2e_bbdec.py	codegen/proofs/bridges/e2e_bbdec.py
codegen/e2e_bridge.py	codegen/proofs/bridges/e2e_bridge.py
codegen/e2e_bview_gen.py	codegen/proofs/bridges/e2e_bview_gen.py
codegen/e2e_compose.py	codegen/proofs/composed/e2e_compose.py
codegen/e2e_compose_fixed.py	codegen/proofs/composed/e2e_compose_fixed.py
codegen/e2e_dbl.py	codegen/proofs/decoded/e2e_dbl.py
codegen/e2e_decbb.py	codegen/proofs/decoded/e2e_decbb.py
codegen/e2e_decbits.py	codegen/proofs/decoded/e2e_decbits.py
codegen/e2e_decbk.py	codegen/proofs/decoded/e2e_decbk.py
codegen/e2e_decbs.py	codegen/proofs/decoded/e2e_decbs.py
codegen/e2e_decep.py	codegen/proofs/decoded/e2e_decep.py
codegen/e2e_decfx.py	codegen/proofs/decoded/e2e_decfx.py
codegen/e2e_decoded.py	codegen/proofs/decoded/e2e_decoded.py
codegen/e2e_decpl.py	codegen/proofs/decoded/e2e_decpl.py
codegen/e2e_decrep.py	codegen/proofs/composed/e2e_decrep.py
codegen/e2e_decrl.py	codegen/proofs/decoded/e2e_decrl.py
codegen/e2e_decrq.py	codegen/proofs/decoded/e2e_decrq.py
codegen/e2e_dvl.py	codegen/proofs/decoded/e2e_dvl.py
codegen/e2e_fix_d.py	codegen/proofs/bridges/e2e_fix_d.py
codegen/e2e_setters.py	codegen/proofs/collections/e2e_setters.py
codegen/e2e_state_enc.py	codegen/proofs/bridges/e2e_state_enc.py
codegen/e2e_state_gen.py	codegen/proofs/bridges/e2e_state_gen.py
codegen/e2e_var_b.py	codegen/proofs/bridges/e2e_var_b.py
codegen/e2e_var_c.py	codegen/proofs/bridges/e2e_var_c.py
codegen/e2e_vlm_gen.py	codegen/proofs/bridges/e2e_vlm_gen.py
codegen/e2e_vlm_vvl.py	codegen/proofs/bridges/e2e_vlm_vvl.py
codegen/e2e_witness.py	codegen/proofs/witnesses/e2e_witness.py
codegen/encx_children.py	codegen/proofs/var/encx_children.py
codegen/encx_d.py	codegen/proofs/var/encx_d.py
codegen/fix_reject.py	codegen/proofs/laws/fix_reject.py
codegen/fix_reject_chk.py	codegen/proofs/laws/fix_reject_chk.py
codegen/fix_reject_pad.py	codegen/proofs/laws/fix_reject_pad.py
codegen/generate.py	codegen/impl/generate.py
codegen/generic.py	codegen/core/generic.py
codegen/import_graph.py	codegen/docs/import_graph.py
codegen/laws.py	codegen/proofs/collections/laws.py
codegen/light_split.py	codegen/proofs/support/light_split.py
codegen/lim_pow.py	codegen/proofs/support/lim_pow.py
codegen/names.py	codegen/core/names.py
codegen/okw.py	codegen/proofs/support/okw.py
codegen/oracle.py	codegen/core/oracle.py
codegen/packed_laws.py	codegen/proofs/laws/packed_laws.py
codegen/pcont_laws.py	codegen/proofs/laws/pcont_laws.py
codegen/prog_laws.py	codegen/proofs/laws/prog_laws.py
codegen/rep_laws.py	codegen/proofs/collections/rep_laws.py
codegen/retired.py	codegen/core/retired.py
codegen/root_laws.py	codegen/proofs/laws/root_laws.py
codegen/root_laws_b.py	codegen/proofs/laws/root_laws_b.py
codegen/root_laws_generic.py	codegen/proofs/laws/root_laws_generic.py
codegen/runtime_refs.py	codegen/impl/runtime_refs.py
codegen/schema.py	codegen/core/schema.py
codegen/schema_shapes.py	codegen/proofs/laws/schema_shapes.py
codegen/serialize_e2e.py	codegen/proofs/collections/serialize_e2e.py
codegen/sha_laws.py	codegen/proofs/laws/sha_laws.py
codegen/spec_any.py	codegen/proofs/laws/spec_any.py
codegen/spec_arr.py	codegen/proofs/laws/spec_arr.py
codegen/spec_laws.py	codegen/proofs/laws/spec_laws.py
codegen/statements.py	codegen/docs/statements.py
codegen/sub_cont.py	codegen/proofs/laws/sub_cont.py
codegen/sub_laws.py	codegen/proofs/laws/sub_laws.py
codegen/tool_generators.py	codegen/impl/tool_generators.py
codegen/u32_split.py	codegen/proofs/collections/u32_split.py
codegen/uintdom.py	codegen/proofs/decoded/uintdom.py
codegen/valid_laws.py	codegen/proofs/laws/valid_laws.py
codegen/var_agg_enc.py	codegen/proofs/var/var_agg_enc.py
codegen/var_bitc.py	codegen/proofs/var/var_bitc.py
codegen/var_bits.py	codegen/proofs/var/var_bits.py
codegen/var_bits_enc.py	codegen/proofs/var/var_bits_enc.py
codegen/var_bits_encx.py	codegen/proofs/var/var_bits_encx.py
codegen/var_bytes.py	codegen/proofs/var/var_bytes.py
codegen/var_bytes_benc.py	codegen/proofs/var/var_bytes_benc.py
codegen/var_bytes_boot.py	codegen/proofs/var/var_bytes_boot.py
codegen/var_bytes_enc.py	codegen/proofs/var/var_bytes_enc.py
codegen/var_bytes_nenc.py	codegen/proofs/var/var_bytes_nenc.py
codegen/var_bytes_nest.py	codegen/proofs/var/var_bytes_nest.py
codegen/var_bytes_x.py	codegen/proofs/var/var_bytes_x.py
codegen/var_bytes_x2.py	codegen/proofs/var/var_bytes_x2.py
codegen/var_cont_enc.py	codegen/proofs/var/var_cont_enc.py
codegen/var_cont_top.py	codegen/proofs/var/var_cont_top.py
codegen/var_enc.py	codegen/proofs/var/var_enc.py
codegen/var_fixx.py	codegen/proofs/var/var_fixx.py
codegen/var_fixx_bv4.py	codegen/proofs/var/var_fixx_bv4.py
codegen/var_fixx_gen.py	codegen/proofs/var/var_fixx_gen.py
codegen/var_laws.py	codegen/proofs/var/var_laws.py
codegen/var_multi.py	codegen/proofs/var/var_multi.py
codegen/var_multi_enc.py	codegen/proofs/var/var_multi_enc.py
codegen/var_multi_u32.py	codegen/proofs/var/var_multi_u32.py
codegen/var_nest.py	codegen/proofs/var/var_nest.py
codegen/var_nest_enc.py	codegen/proofs/var/var_nest_enc.py
codegen/var_pbits.py	codegen/proofs/var/var_pbits.py
codegen/var_plist.py	codegen/proofs/var/var_plist.py
codegen/var_plist_sub.py	codegen/proofs/var/var_plist_sub.py
codegen/var_rec_enc.py	codegen/proofs/var/var_rec_enc.py
codegen/var_rlist.py	codegen/proofs/var/var_rlist.py
codegen/var_rlist_box.py	codegen/proofs/var/var_rlist_box.py
codegen/var_rlist_bv.py	codegen/proofs/var/var_rlist_bv.py
codegen/var_rlist_enc.py	codegen/proofs/var/var_rlist_enc.py
codegen/var_rlist_er.py	codegen/proofs/var/var_rlist_er.py
codegen/var_rlist_sub.py	codegen/proofs/var/var_rlist_sub.py
codegen/var_top.py	codegen/proofs/var/var_top.py
codegen/var_ua.py	codegen/proofs/var/var_ua.py
codegen/var_uw.py	codegen/proofs/var/var_uw.py
codegen/var_uwl.py	codegen/proofs/var/var_uwl.py
codegen/var_uwv.py	codegen/proofs/var/var_uwv.py
codegen/var_vlist.py	codegen/proofs/var/var_vlist.py
codegen/var_vlist_enc.py	codegen/proofs/var/var_vlist_enc.py
codegen/var_win.py	codegen/proofs/var/var_win.py
codegen/var_winb.py	codegen/proofs/var/var_winb.py
codegen/var_winb_lc.py	codegen/proofs/var/var_winb_lc.py
codegen/var_winbits.py	codegen/proofs/var/var_winbits.py
codegen/var_winl.py	codegen/proofs/var/var_winl.py
codegen/var_winl16.py	codegen/proofs/var/var_winl16.py
codegen/var_winu.py	codegen/proofs/var/var_winu.py
codegen/var_winv.py	codegen/proofs/var/var_winv.py
codegen/var_winx_c.py	codegen/proofs/var/var_winx_c.py
codegen/vedge.py	codegen/proofs/var/vedge.py
codegen/view_laws.py	codegen/proofs/collections/view_laws.py
codegen/viewbytes.py	codegen/proofs/collections/viewbytes.py
codegen/viewcells.py	codegen/proofs/collections/viewcells.py
codegen/viewseq.py	codegen/proofs/collections/viewseq.py
codegen/zeros_dispatch.py	codegen/proofs/support/zeros_dispatch.py
codegen/amap_template.bend.in	codegen/templates/amap_template.bend.in
codegen/arr_emit.bend.in	codegen/templates/arr_emit.bend.in
codegen/arr_enc.bend.in	codegen/templates/arr_enc.bend.in
codegen/arr_engine.bend.in	codegen/templates/arr_engine.bend.in
codegen/arr_shift.bend.in	codegen/templates/arr_shift.bend.in
codegen/arr_spec.bend.in	codegen/templates/arr_spec.bend.in
codegen/var_multi_acc.bend.in	codegen/templates/var_multi_acc.bend.in
codegen/var_multi_facts.bend.in	codegen/templates/var_multi_facts.bend.in
codegen/var_multi_rej.bend.in	codegen/templates/var_multi_rej.bend.in
codegen/var_multi_spec.bend.in	codegen/templates/var_multi_spec.bend.in
codegen/vme.bend.in	codegen/templates/vme.bend.in
codegen/vmr.bend.in	codegen/templates/vmr.bend.in
codegen/vmul.bend.in	codegen/templates/vmul.bend.in
codegen/vmv.bend.in	codegen/templates/vmv.bend.in
codegen/vrc.bend.in	codegen/templates/vrc.bend.in
codegen/vrejb.bend.in	codegen/templates/vrejb.bend.in
codegen/vrl.bend.in	codegen/templates/vrl.bend.in
codegen/vrlb_list.bend.in	codegen/templates/vrlb_list.bend.in
codegen/vvle_list.bend.in	codegen/templates/vvle_list.bend.in
codegen/word_mul.bend.in	codegen/templates/word_mul.bend.in
codegen/decode_witness.py	codegen/proofs/witnesses/decode_witness.py
codegen/e2e_compose_blob.py	codegen/proofs/composed/e2e_compose_blob.py
codegen/e2e_decrep_x.py	codegen/proofs/composed/e2e_decrep_x.py
codegen/e2e_dbs.py	codegen/proofs/decoded/e2e_dbs.py
codegen/e2e_dfl.py	codegen/proofs/decoded/e2e_dfl.py
codegen/e2e_dvp.py	codegen/proofs/decoded/e2e_dvp.py
codegen/e2e_dvv2.py	codegen/proofs/decoded/e2e_dvv2.py
codegen/e2e_hkv.py	codegen/proofs/decoded/e2e_hkv.py
codegen/e2e_hkp.py	codegen/proofs/decoded/e2e_hkp.py
codegen/obytes_len.py	codegen/proofs/witnesses/obytes_len.py
codegen/mutation_laws.py	codegen/proofs/mutation_coverage/reported_size_and_vector_bound.py
codegen/mutation_laws_cap.py	codegen/proofs/mutation_coverage/buffer_capacity.py
codegen/mutation_laws_capsym.py	codegen/proofs/mutation_coverage/symbolic_buffer_capacity.py
codegen/cmp_laws.py	codegen/proofs/mutation_coverage/aligned_write_guard.py
codegen/cmp3_laws.py	codegen/proofs/mutation_coverage/fixed_writer_guards.py
codegen/okfalse_laws.py	codegen/proofs/mutation_coverage/length_check_refusal.py
codegen/mutation_laws_const.py	codegen/proofs/mutation_coverage/encoder_constants.py
codegen/mutation_laws_small.py	codegen/proofs/mutation_coverage/write_start_and_sizes.py
codegen/spec_pins.py	codegen/proofs/mutation_coverage/spec_constants.py
codegen/spec_pins_more.py	codegen/proofs/mutation_coverage/spec_constants_extra.py
codegen/mutation_laws_arith.py	codegen/proofs/mutation_coverage/word_positions.py
codegen/mutation_laws_offset.py	codegen/proofs/mutation_coverage/decoder_offsets.py
codegen/e2e_hpl.py	codegen/proofs/decoded/e2e_hpl.py
codegen/mutation_laws_validity.py	codegen/proofs/mutation_coverage/validity_checks.py
codegen/hidden_flag_laws.py	codegen/proofs/mutation_coverage/poison_flag.py
codegen/u64_tail.py	codegen/proofs/collections/u64_tail.py
codegen/encset.py	codegen/proofs/collections/encset.py
codegen/zero_run.py	codegen/proofs/witnesses/zero_run.py
codegen/encset_w.py	codegen/proofs/collections/encset_w.py
codegen/sym_decode.py	codegen/proofs/witnesses/sym_decode.py
codegen/sym_skel.py	codegen/proofs/witnesses/sym_skel.py
codegen/subword_tz.py	codegen/proofs/collections/subword_tz.py
codegen/encset_b.py	codegen/proofs/collections/encset_b.py
codegen/halfword.py	codegen/proofs/collections/halfword.py
codegen/encset_h.py	codegen/proofs/collections/encset_h.py
codegen/bitz.py	codegen/proofs/collections/bitz.py
codegen/encset_t.py	codegen/proofs/collections/encset_t.py
codegen/v16.py	codegen/proofs/collections/v16.py
codegen/sym_bs.py	codegen/proofs/witnesses/sym_bs.py
codegen/encset_r.py	codegen/proofs/collections/encset_r.py
codegen/halfword16.py	codegen/proofs/collections/halfword16.py
# generator names (docs/GENERATOR_NAMES.md): previous path, new path
codegen/core/bendtext.py	codegen/core/bend_source_text_helpers.py
codegen/core/generic.py	codegen/core/generic_form_schemas.py
codegen/core/names.py	codegen/core/readable_type_names.py
codegen/core/oracle.py	codegen/core/independent_ssz_oracle.py
codegen/core/paths.py	codegen/core/repository_paths.py
codegen/core/retired.py	codegen/core/retired_module_list.py
codegen/core/schema.py	codegen/core/fulu_schema_loader.py
codegen/core/shared_bridges.py	codegen/core/bridge_text_helpers.py
codegen/core/shared_laws.py	codegen/core/law_module_helpers.py
codegen/core/shared_rest.py	codegen/core/text_scanning_helpers.py
codegen/core/shared_var_a.py	codegen/core/template_loader.py
codegen/core/shared_var_b.py	codegen/core/template_loader_positional.py
codegen/core/writer.py	codegen/core/generated_file_writer.py
codegen/docs/doc_figures.py	codegen/docs/documentation_figures.py
codegen/docs/statements.py	codegen/docs/end_to_end_statement_list.py
codegen/impl/check_schema.py	codegen/impl/fulu_schema_inventory_check.py
codegen/impl/generate.py	codegen/impl/typed_object_runtime.py
codegen/impl/runtime_refs.py	codegen/impl/runtime_file_split.py
codegen/impl/tool_generators.py	codegen/impl/reproducible_tool_scripts.py
codegen/proofs/bridges/e2e_arr512.py	codegen/proofs/bridges/word_vector_decode_bridges.py
codegen/proofs/bridges/e2e_bbatt_gen.py	codegen/proofs/bridges/block_body_attestation_records.py
codegen/proofs/bridges/e2e_bbdec.py	codegen/proofs/bridges/block_body_fixed_field_views.py
codegen/proofs/bridges/e2e_bridge.py	codegen/proofs/bridges/object_api_model_bridges.py
codegen/proofs/bridges/e2e_bview_gen.py	codegen/proofs/bridges/bit_list_view_lemmas.py
codegen/proofs/bridges/e2e_fix_d.py	codegen/proofs/bridges/fixed_size_name_bridges.py
codegen/proofs/bridges/e2e_state_enc.py	codegen/proofs/bridges/beacon_state_encode_record.py
codegen/proofs/bridges/e2e_state_gen.py	codegen/proofs/bridges/beacon_state_field_views.py
codegen/proofs/bridges/e2e_var_b.py	codegen/proofs/bridges/block_and_light_client_bridges.py
codegen/proofs/bridges/e2e_var_c.py	codegen/proofs/bridges/test_struct_and_union_bridges.py
codegen/proofs/bridges/e2e_vlm_gen.py	codegen/proofs/bridges/block_body_record_list_views.py
codegen/proofs/bridges/e2e_vlm_vvl.py	codegen/proofs/bridges/block_body_variable_list_views.py
codegen/proofs/collections/bits_view.py	codegen/proofs/collections/bit_list_set_view.py
codegen/proofs/collections/bitz.py	codegen/proofs/collections/bit_list_zero_tails.py
codegen/proofs/collections/boxedview.py	codegen/proofs/collections/boxed_list_set_view.py
codegen/proofs/collections/coll_laws.py	codegen/proofs/collections/collection_api_laws.py
codegen/proofs/collections/e2e_setters.py	codegen/proofs/collections/setter_bridge_compositions.py
codegen/proofs/collections/encset.py	codegen/proofs/collections/record_list_encode_after_set.py
codegen/proofs/collections/encset_b.py	codegen/proofs/collections/byte_list_encode_after_set.py
codegen/proofs/collections/encset_h.py	codegen/proofs/collections/halfword_list_encode_after_set.py
codegen/proofs/collections/encset_r.py	codegen/proofs/collections/uint16_list_runtime_set_laws.py
codegen/proofs/collections/encset_t.py	codegen/proofs/collections/bit_list_encode_after_set.py
codegen/proofs/collections/encset_w.py	codegen/proofs/collections/word_list_encode_after_set.py
codegen/proofs/collections/halfword.py	codegen/proofs/collections/halfword_merge_bytes.py
codegen/proofs/collections/halfword16.py	codegen/proofs/collections/halfword_merge_read.py
codegen/proofs/collections/laws.py	codegen/proofs/collections/object_field_access_laws.py
codegen/proofs/collections/rep_laws.py	codegen/proofs/collections/setter_keeps_representation_laws.py
codegen/proofs/collections/serialize_e2e.py	codegen/proofs/collections/validating_serializer_bridges.py
codegen/proofs/collections/subword_tz.py	codegen/proofs/collections/merged_word_zero_tail.py
codegen/proofs/collections/u32_split.py	codegen/proofs/collections/index_word_offset_split.py
codegen/proofs/collections/u64_tail.py	codegen/proofs/collections/uint64_list_zero_tail.py
codegen/proofs/collections/v16.py	codegen/proofs/collections/uint16_from_two_bytes.py
codegen/proofs/collections/view_laws.py	codegen/proofs/collections/packed_list_set_view.py
codegen/proofs/collections/viewbytes.py	codegen/proofs/collections/byte_list_set_view.py
codegen/proofs/collections/viewcells.py	codegen/proofs/collections/cell_list_set_view.py
codegen/proofs/collections/viewseq.py	codegen/proofs/collections/data_element_list_set_view.py
codegen/proofs/composed/e2e_compose.py	codegen/proofs/composed/decode_then_encode_theorems.py
codegen/proofs/composed/e2e_compose_blob.py	codegen/proofs/composed/blob_sidecar_composed_theorems.py
codegen/proofs/composed/e2e_compose_fixed.py	codegen/proofs/composed/fixed_size_composed_theorems.py
codegen/proofs/composed/e2e_decrep.py	codegen/proofs/composed/decoded_object_premises.py
codegen/proofs/composed/e2e_decrep_x.py	codegen/proofs/composed/decoded_object_extra_premises.py
codegen/proofs/decoded/e2e_dbl.py	codegen/proofs/decoded/boxed_record_list_decoded_facts.py
codegen/proofs/decoded/e2e_dbs.py	codegen/proofs/decoded/blob_sidecar_decoded_premises.py
codegen/proofs/decoded/e2e_decbb.py	codegen/proofs/decoded/block_body_decoded_facts.py
codegen/proofs/decoded/e2e_decbits.py	codegen/proofs/decoded/bit_list_decoded_facts.py
codegen/proofs/decoded/e2e_decbk.py	codegen/proofs/decoded/block_decoded_facts.py
codegen/proofs/decoded/e2e_decbs.py	codegen/proofs/decoded/beacon_state_decoded_facts.py
codegen/proofs/decoded/e2e_decep.py	codegen/proofs/decoded/execution_payload_decoded_facts.py
codegen/proofs/decoded/e2e_decfx.py	codegen/proofs/decoded/fixed_word_field_decoded_premises.py
codegen/proofs/decoded/e2e_decoded.py	codegen/proofs/decoded/decoded_byte_storage_facts.py
codegen/proofs/decoded/e2e_decpl.py	codegen/proofs/decoded/progressive_list_length_facts.py
codegen/proofs/decoded/e2e_decrl.py	codegen/proofs/decoded/record_list_window_decoded_facts.py
codegen/proofs/decoded/e2e_decrq.py	codegen/proofs/decoded/record_list_byte_count_facts.py
codegen/proofs/decoded/e2e_dfl.py	codegen/proofs/decoded/unboxed_record_list_decoded_facts.py
codegen/proofs/decoded/e2e_dvl.py	codegen/proofs/decoded/variable_record_list_decoded_facts.py
codegen/proofs/decoded/e2e_dvp.py	codegen/proofs/decoded/progressive_variable_list_decoded_facts.py
codegen/proofs/decoded/e2e_dvv2.py	codegen/proofs/decoded/variable_vector_decoded_facts.py
codegen/proofs/decoded/e2e_hkp.py	codegen/proofs/decoded/progressive_struct_list_element_hooks.py
codegen/proofs/decoded/e2e_hkv.py	codegen/proofs/decoded/variable_struct_list_element_hooks.py
codegen/proofs/decoded/e2e_hpl.py	codegen/proofs/decoded/nested_progressive_list_element_hooks.py
codegen/proofs/decoded/uintdom.py	codegen/proofs/decoded/small_uint_spec_domain.py
codegen/proofs/facades/api_facade.py	codegen/proofs/facades/object_api_facade_proofs.py
codegen/proofs/facades/api_gate.py	codegen/proofs/facades/object_api_coverage_gate.py
codegen/proofs/laws/arr_laws.py	codegen/proofs/laws/array_copy_and_emit_laws.py
codegen/proofs/laws/bitlist_laws.py	codegen/proofs/laws/bit_list_pack_laws.py
codegen/proofs/laws/blist_laws.py	codegen/proofs/laws/packed_byte_list_root_laws.py
codegen/proofs/laws/cached_laws.py	codegen/proofs/laws/cached_root_laws.py
codegen/proofs/laws/fix_reject.py	codegen/proofs/laws/length_only_reject_laws.py
codegen/proofs/laws/fix_reject_chk.py	codegen/proofs/laws/byte_checked_reject_laws.py
codegen/proofs/laws/fix_reject_pad.py	codegen/proofs/laws/padding_bits_reject_laws.py
codegen/proofs/laws/packed_laws.py	codegen/proofs/laws/packed_vector_root_laws.py
codegen/proofs/laws/pcont_laws.py	codegen/proofs/laws/progressive_container_root_trees.py
codegen/proofs/laws/prog_laws.py	codegen/proofs/laws/progressive_list_root_laws.py
codegen/proofs/laws/root_laws.py	codegen/proofs/laws/hash_tree_root_laws.py
codegen/proofs/laws/root_laws_b.py	codegen/proofs/laws/container_root_laws.py
codegen/proofs/laws/root_laws_generic.py	codegen/proofs/laws/generic_form_root_laws.py
codegen/proofs/laws/schema_shapes.py	codegen/proofs/laws/schema_shape_laws.py
codegen/proofs/laws/sha_laws.py	codegen/proofs/laws/sha256_node_laws.py
codegen/proofs/laws/spec_any.py	codegen/proofs/laws/any_depth_vector_encode_laws.py
codegen/proofs/laws/spec_arr.py	codegen/proofs/laws/large_array_codec_laws.py
codegen/proofs/laws/spec_laws.py	codegen/proofs/laws/spec_connected_codec_laws.py
codegen/proofs/laws/sub_cont.py	codegen/proofs/laws/sub_word_container_laws.py
codegen/proofs/laws/sub_laws.py	codegen/proofs/laws/sub_word_codec_laws.py
codegen/proofs/laws/valid_laws.py	codegen/proofs/laws/root_view_validity_laws.py
codegen/proofs/support/bitfix.py	codegen/proofs/support/bitwise_equation_proofs.py
codegen/proofs/support/bitsim.py	codegen/proofs/support/bit_operation_simulation.py
codegen/proofs/support/deep.py	codegen/proofs/support/deep_window_decode_passes.py
codegen/proofs/support/light_split.py	codegen/proofs/support/light_definition_modules.py
codegen/proofs/support/lim_pow.py	codegen/proofs/support/large_limit_size_facts.py
codegen/proofs/support/okw.py	codegen/proofs/support/encode_size_limit_twins.py
codegen/proofs/support/zeros_dispatch.py	codegen/proofs/support/zeros_without_case_split.py
codegen/proofs/var/encx_children.py	codegen/proofs/var/encoder_window_children.py
codegen/proofs/var/encx_d.py	codegen/proofs/var/deep_tree_list_children.py
codegen/proofs/var/var_agg_enc.py	codegen/proofs/var/aggregate_and_proof_encoder_laws.py
codegen/proofs/var/var_bitc.py	codegen/proofs/var/bit_list_container_codec_laws.py
codegen/proofs/var/var_bits.py	codegen/proofs/var/bit_list_codec_laws.py
codegen/proofs/var/var_bits_enc.py	codegen/proofs/var/bit_list_encoder_laws.py
codegen/proofs/var/var_bits_encx.py	codegen/proofs/var/bit_list_encoder_window.py
codegen/proofs/var/var_bytes.py	codegen/proofs/var/byte_list_codec_laws.py
codegen/proofs/var/var_bytes_benc.py	codegen/proofs/var/light_client_bootstrap_encoder_laws.py
codegen/proofs/var/var_bytes_boot.py	codegen/proofs/var/light_client_bootstrap_helpers.py
codegen/proofs/var/var_bytes_enc.py	codegen/proofs/var/byte_list_encoder_laws.py
codegen/proofs/var/var_bytes_nenc.py	codegen/proofs/var/nested_byte_list_encoder_laws.py
codegen/proofs/var/var_bytes_nest.py	codegen/proofs/var/nested_byte_list_codec_laws.py
codegen/proofs/var/var_bytes_x.py	codegen/proofs/var/byte_list_offset_windows.py
codegen/proofs/var/var_bytes_x2.py	codegen/proofs/var/two_variable_field_offset_windows.py
codegen/proofs/var/var_cont_enc.py	codegen/proofs/var/container_encoder_windows.py
codegen/proofs/var/var_cont_top.py	codegen/proofs/var/container_encoder_top_laws.py
codegen/proofs/var/var_enc.py	codegen/proofs/var/single_list_container_encoder_laws.py
codegen/proofs/var/var_finish.py	codegen/proofs/var/check_or_write_outputs.py
codegen/proofs/var/var_fixx.py	codegen/proofs/var/beacon_state_fixed_field_readers.py
codegen/proofs/var/var_fixx_bv4.py	codegen/proofs/var/justification_bits_reader.py
codegen/proofs/var/var_fixx_gen.py	codegen/proofs/var/generic_short_field_readers.py
codegen/proofs/var/var_laws.py	codegen/proofs/var/single_list_container_codec_laws.py
codegen/proofs/var/var_multi.py	codegen/proofs/var/multi_variable_field_codec_laws.py
codegen/proofs/var/var_multi_enc.py	codegen/proofs/var/data_column_sidecar_encoder_laws.py
codegen/proofs/var/var_multi_u32.py	codegen/proofs/var/data_column_sidecar_size_bounds.py
codegen/proofs/var/var_nest.py	codegen/proofs/var/single_list_container_nested_windows.py
codegen/proofs/var/var_nest_enc.py	codegen/proofs/var/nested_container_encoder_laws.py
codegen/proofs/var/var_pbits.py	codegen/proofs/var/progressive_bit_list_codec_laws.py
codegen/proofs/var/var_plist.py	codegen/proofs/var/progressive_word_list_codec_laws.py
codegen/proofs/var/var_plist_sub.py	codegen/proofs/var/progressive_small_list_codec_laws.py
codegen/proofs/var/var_rec_enc.py	codegen/proofs/var/fixed_record_encoder_windows.py
codegen/proofs/var/var_rlist.py	codegen/proofs/var/record_list_offset_windows.py
codegen/proofs/var/var_rlist_box.py	codegen/proofs/var/boxed_record_list_windows.py
codegen/proofs/var/var_rlist_bv.py	codegen/proofs/var/byte_vector_list_windows.py
codegen/proofs/var/var_rlist_enc.py	codegen/proofs/var/execution_requests_encoder_laws.py
codegen/proofs/var/var_rlist_er.py	codegen/proofs/var/execution_requests_window.py
codegen/proofs/var/var_rlist_sub.py	codegen/proofs/var/sub_word_record_list_windows.py
codegen/proofs/var/var_top.py	codegen/proofs/var/whole_buffer_decoder_laws.py
codegen/proofs/var/var_ua.py	codegen/proofs/var/unaligned_read_laws.py
codegen/proofs/var/var_uw.py	codegen/proofs/var/unaligned_write_laws.py
codegen/proofs/var/var_uwl.py	codegen/proofs/var/sub_word_leaf_writer_laws.py
codegen/proofs/var/var_uwv.py	codegen/proofs/var/word_vector_writer_laws.py
codegen/proofs/var/var_vlist.py	codegen/proofs/var/variable_element_list_windows.py
codegen/proofs/var/var_vlist_enc.py	codegen/proofs/var/variable_element_list_encoders.py
codegen/proofs/var/var_win.py	codegen/proofs/var/nested_type_window_laws.py
codegen/proofs/var/var_winb.py	codegen/proofs/var/block_body_offset_windows.py
codegen/proofs/var/var_winb_lc.py	codegen/proofs/var/light_client_update_window.py
codegen/proofs/var/var_winbits.py	codegen/proofs/var/generic_bit_list_window.py
codegen/proofs/var/var_winl.py	codegen/proofs/var/container_list_offset_windows.py
codegen/proofs/var/var_winl16.py	codegen/proofs/var/uint16_list_window.py
codegen/proofs/var/var_winu.py	codegen/proofs/var/compatible_union_window.py
codegen/proofs/var/var_winv.py	codegen/proofs/var/validator_list_window.py
codegen/proofs/var/var_winx_c.py	codegen/proofs/var/multi_variable_container_windows.py
codegen/proofs/var/vedge.py	codegen/proofs/var/buffer_end_short_reads.py
codegen/proofs/witnesses/coll_witness.py	codegen/proofs/witnesses/collection_premise_witnesses.py
codegen/proofs/witnesses/decode_witness.py	codegen/proofs/witnesses/decoder_acceptance_witnesses.py
codegen/proofs/witnesses/e2e_witness.py	codegen/proofs/witnesses/bridge_premise_witnesses.py
codegen/proofs/witnesses/obytes_len.py	codegen/proofs/witnesses/output_bytes_length.py
codegen/proofs/witnesses/sym_bs.py	codegen/proofs/witnesses/beacon_state_symbolic_witness.py
codegen/proofs/witnesses/sym_decode.py	codegen/proofs/witnesses/symbolic_decoder_witnesses.py
codegen/proofs/witnesses/sym_skel.py	codegen/proofs/witnesses/light_client_skeleton_witnesses.py
codegen/proofs/witnesses/zero_run.py	codegen/proofs/witnesses/zero_run_lemmas.py
codegen/regen_all.py	codegen/regenerate_all.py
codegen/regen_touched.py	codegen/regenerate_touched.py
codegen/registry.py	codegen/generator_registry.py
codegen/tests/test_names.py	codegen/tests/test_readable_type_names.py
codegen/tests/test_registry.py	codegen/tests/test_generator_registry.py
codegen/tests/test_writer.py	codegen/tests/test_generated_file_writer.py
codegen/tests/test_bendtext.py	codegen/tests/test_bend_source_text_helpers.py
codegen/proofs/var/templates/var_rlist_enc.tpl	codegen/proofs/var/templates/execution_requests_encoder_laws.tpl
codegen/proofs/var/templates/var_winb.tpl	codegen/proofs/var/templates/block_body_offset_windows.tpl
codegen/proofs/var/templates/var_bits_encx.tpl	codegen/proofs/var/templates/bit_list_encoder_window.tpl
codegen/proofs/var/templates/var_nest_enc.tpl	codegen/proofs/var/templates/nested_container_encoder_laws.tpl
codegen/proofs/var/templates/var_multi.tpl	codegen/proofs/var/templates/multi_variable_field_codec_laws.tpl
codegen/proofs/var/templates/var_fixx_bv4.tpl	codegen/proofs/var/templates/justification_bits_reader.tpl
codegen/proofs/var/templates/var_vlist_enc.tpl	codegen/proofs/var/templates/variable_element_list_encoders.tpl
codegen/proofs/var/templates/var_bitc.tpl	codegen/proofs/var/templates/bit_list_container_codec_laws.tpl
codegen/proofs/var/templates/var_winv.tpl	codegen/proofs/var/templates/validator_list_window.tpl
codegen/proofs/var/templates/var_winl16.tpl	codegen/proofs/var/templates/uint16_list_window.tpl
codegen/proofs/var/templates/var_multi_enc.tpl	codegen/proofs/var/templates/data_column_sidecar_encoder_laws.tpl
codegen/proofs/var/templates/var_multi_u32.tpl	codegen/proofs/var/templates/data_column_sidecar_size_bounds.tpl
codegen/proofs/var/templates/var_rec_enc.tpl	codegen/proofs/var/templates/fixed_record_encoder_windows.tpl
codegen/proofs/var/templates/var_fixx_gen.tpl	codegen/proofs/var/templates/generic_short_field_readers.tpl
codegen/proofs/var/templates/var_plist.tpl	codegen/proofs/var/templates/progressive_word_list_codec_laws.tpl
codegen/proofs/var/templates/var_rlist_sub.tpl	codegen/proofs/var/templates/sub_word_record_list_windows.tpl
codegen/proofs/var/templates/var_nest.tpl	codegen/proofs/var/templates/single_list_container_nested_windows.tpl
codegen/proofs/var/templates/var_rlist_er.tpl	codegen/proofs/var/templates/execution_requests_window.tpl
codegen/proofs/var/templates/var_win.tpl	codegen/proofs/var/templates/nested_type_window_laws.tpl
codegen/proofs/var/templates/encx_d.tpl	codegen/proofs/var/templates/deep_tree_list_children.tpl
codegen/proofs/var/templates/var_bytes_boot.tpl	codegen/proofs/var/templates/light_client_bootstrap_helpers.tpl
codegen/proofs/var/templates/var_bytes_nenc.tpl	codegen/proofs/var/templates/nested_byte_list_encoder_laws.tpl
codegen/proofs/var/templates/var_winx_c.tpl	codegen/proofs/var/templates/multi_variable_container_windows.tpl
codegen/proofs/var/templates/var_plist_sub.tpl	codegen/proofs/var/templates/progressive_small_list_codec_laws.tpl
codegen/proofs/var/templates/var_bytes.tpl	codegen/proofs/var/templates/byte_list_codec_laws.tpl
codegen/proofs/var/templates/var_uwl.tpl	codegen/proofs/var/templates/sub_word_leaf_writer_laws.tpl
codegen/proofs/var/templates/var_bytes_nest.tpl	codegen/proofs/var/templates/nested_byte_list_codec_laws.tpl
codegen/proofs/var/templates/var_bytes_x.tpl	codegen/proofs/var/templates/byte_list_offset_windows.tpl
codegen/proofs/var/templates/var_rlist_box.tpl	codegen/proofs/var/templates/boxed_record_list_windows.tpl
codegen/proofs/var/templates/var_top.tpl	codegen/proofs/var/templates/whole_buffer_decoder_laws.tpl
codegen/proofs/var/templates/var_bytes_benc.tpl	codegen/proofs/var/templates/light_client_bootstrap_encoder_laws.tpl
codegen/proofs/var/templates/var_laws.tpl	codegen/proofs/var/templates/single_list_container_codec_laws.tpl
codegen/proofs/var/templates/var_agg_enc.tpl	codegen/proofs/var/templates/aggregate_and_proof_encoder_laws.tpl
codegen/proofs/var/templates/vedge.tpl	codegen/proofs/var/templates/buffer_end_short_reads.tpl
codegen/proofs/var/templates/var_vlist.tpl	codegen/proofs/var/templates/variable_element_list_windows.tpl
codegen/proofs/var/templates/var_uw.tpl	codegen/proofs/var/templates/unaligned_write_laws.tpl
codegen/proofs/var/templates/var_rlist_bv.tpl	codegen/proofs/var/templates/byte_vector_list_windows.tpl
codegen/proofs/var/templates/var_pbits.tpl	codegen/proofs/var/templates/progressive_bit_list_codec_laws.tpl
codegen/proofs/var/templates/var_uwv.tpl	codegen/proofs/var/templates/word_vector_writer_laws.tpl
codegen/proofs/var/templates/var_winl.tpl	codegen/proofs/var/templates/container_list_offset_windows.tpl
codegen/proofs/var/templates/var_bits_enc.tpl	codegen/proofs/var/templates/bit_list_encoder_laws.tpl
codegen/proofs/var/templates/var_fixx.tpl	codegen/proofs/var/templates/beacon_state_fixed_field_readers.tpl
codegen/proofs/var/templates/var_rlist.tpl	codegen/proofs/var/templates/record_list_offset_windows.tpl
codegen/proofs/var/templates/var_cont_top.tpl	codegen/proofs/var/templates/container_encoder_top_laws.tpl
codegen/proofs/var/templates/var_bytes_x2.tpl	codegen/proofs/var/templates/two_variable_field_offset_windows.tpl
codegen/proofs/var/templates/var_bits.tpl	codegen/proofs/var/templates/bit_list_codec_laws.tpl
codegen/proofs/var/templates/var_cont_enc.tpl	codegen/proofs/var/templates/container_encoder_windows.tpl
codegen/proofs/var/templates/var_bytes_enc.tpl	codegen/proofs/var/templates/byte_list_encoder_laws.tpl
codegen/proofs/var/templates/var_enc.tpl	codegen/proofs/var/templates/single_list_container_encoder_laws.tpl
codegen/proofs/var/templates/var_winu.tpl	codegen/proofs/var/templates/compatible_union_window.tpl
tools/exclusion_audit.py	tools/mutation_testing/exclusion_audit.py
tools/exclusion_audit_words.py	tools/mutation_testing/exclusion_audit_words.py
tools/mutant_facade_run.py	tools/mutation_testing/mutant_facade_run.py
# slop: the mutation-coverage folders and their generators are called slop; every generated module there carries _generated in its name
codegen/proofs/mutation_coverage/aligned_write_guard.py	codegen/proofs/slop/aligned_write_guard.py
codegen/proofs/mutation_coverage/buffer_capacity.py	codegen/proofs/slop/buffer_capacity.py
codegen/proofs/mutation_coverage/decoder_offsets.py	codegen/proofs/slop/decoder_offsets.py
codegen/proofs/mutation_coverage/encoder_constants.py	codegen/proofs/slop/encoder_constants.py
codegen/proofs/mutation_coverage/fixed_writer_guards.py	codegen/proofs/slop/fixed_writer_guards.py
codegen/proofs/mutation_coverage/length_check_refusal.py	codegen/proofs/slop/length_check_refusal.py
codegen/proofs/mutation_coverage/poison_flag.py	codegen/proofs/slop/poison_flag.py
codegen/proofs/mutation_coverage/reported_size_and_vector_bound.py	codegen/proofs/slop/reported_size_and_vector_bound.py
codegen/proofs/mutation_coverage/spec_constants.py	codegen/proofs/slop/spec_constants.py
codegen/proofs/mutation_coverage/spec_constants_extra.py	codegen/proofs/slop/spec_constants_extra.py
codegen/proofs/mutation_coverage/symbolic_buffer_capacity.py	codegen/proofs/slop/symbolic_buffer_capacity.py
codegen/proofs/mutation_coverage/validity_checks.py	codegen/proofs/slop/validity_checks.py
codegen/proofs/mutation_coverage/word_positions.py	codegen/proofs/slop/word_positions.py
codegen/proofs/mutation_coverage/write_start_and_sizes.py	codegen/proofs/slop/write_start_and_sizes.py
codegen/core/mutation_layout.py	codegen/core/slop_layout.py
docs/mutation_testing/MUTATION_COVERAGE_LAYOUT.md	docs/mutation_testing/SLOP_LAYOUT.md
codegen/container_field_validity.py	codegen/proofs/slop/container_field_validity.py
codegen/packed_boolean_validity.py	codegen/proofs/slop/packed_boolean_validity.py
codegen/bit_padding_validity.py	codegen/proofs/slop/bit_padding_validity.py
codegen/first_offset_check.py	codegen/proofs/slop/first_offset_check.py
codegen/crash_fix_laws.py	codegen/proofs/slop/crash_fix_laws.py
