file	rc	passed	seconds_under_server_load
dec_00	0	1	1
dec_01	0	1	1
dec_02	0	1	1
dec_03	0	1	1
dec_04	0	1	1
dec_05	0	1	2
dec_06	0	1	1
dec_07	0	1	1
dec_08	0	1	1
dec_09	0	1	1
dec_10	0	1	1
dec_11	0	1	1
dec_12	0	1	1
dec_13	0	1	2
dec_14	0	1	1
dec_15	0	1	2
dec_16	0	1	1
dec_17	0	1	3
dec_18	0	1	7
dec_19	0	1	5
dec_20	0	1	8
dec_21	0	1	6
dec_22	0	1	9
dec_23	0	1	14
dec_24	0	1	9
dec_25	0	1	6
dec_26	0	1	5
dec_27	0	1	5
dec_28	0	1	9
dec_29	0	1	10
dec_30	0	1	13
dec_31	0	1	23
dec_32	0	1	22
dec_33	0	1	22
dec_34	0	1	22
dec_35	0	1	21
dec_36	0	1	23
dec_37	0	1	22
dec_38	0	1	19
dec_39	0	1	22
dec_40	0	1	25
dec_41	0	1	25
dec_42	0	1	24
dec_43	0	1	25
dec_44	0	1	11
dec_45	0	1	3
dec_46	0	1	3
dec_47	0	1	2
dec_48	0	1	1
dec_49	0	1	1
dec_50	0	1	1
dec_51	0	1	0
dec_52	0	1	0
dec_53	0	1	1
lay_00	0	1	1
lay_01	0	1	2
lay_02	0	1	2
lay_03	0	1	1
lay_04	0	1	1
lay_05	0	1	1
lay_06	0	1	1
lay_07	0	1	2
lay_08	0	1	1
lay_09	0	1	2
lay_10	0	1	1
lay_11	0	1	2
lay_12	0	1	1
lay_13	0	1	1
lay_14	0	1	1
lay_15	0	1	1
lay_16	0	1	1
serneg_00	0	1	3
serneg_01	0	1	3
serneg_02	0	1	1
serneg_03	0	1	4
serneg_04	0	1	0
serneg_05	0	1	0
serneg_06	0	1	3
serneg_07	0	1	1
serneg_08	0	1	1
serneg_09	0	1	0
serneg_10	0	1	1
serneg_11	0	1	1
serneg_12	0	1	0
serneg_13	0	1	1
serneg_14	0	1	1
serneg_15	0	1	1
serneg_16	0	1	1
serneg_17	0	1	0
serneg_18	0	1	0
serneg_19	0	1	1
uni_00	0	1	1
uni_01	0	1	1
root_00	0	1	9
root_01	0	1	5
root_02	0	1	8
root_03	0	1	5
root_04	0	1	10
root_05	0	1	8
root_06	0	1	8
root_07	0	1	17
root_08	0	1	9
root_09	0	1	17
root_10	0	1	16
root_11	0	1	12
root_12	0	1	36
root_13	0	1	17
root_14	0	1	10
root_15	0	1	6
root_16	0	1	11
root_17	0	1	5
root_18	0	1	10
root_19	0	1	11
root_20	0	1	5
root_21	0	1	11
root_22	0	1	5
root_23	0	1	21
root_24	0	1	20
root_25	0	1	10
root_26	0	1	19
root_27	0	1	10
root_28	0	1	32
root_29	0	1	37
root_30	0	1	1
root_31	0	1	1
root_32	0	1	1
root_33	0	1	0
root_34	0	1	1
root_35	0	1	1
root_36	0	1	6
root_37	0	1	5
root_38	0	1	14
root_39	0	1	1
root_40	0	1	0
root_41	0	1	10
root_42	0	1	20
root_43	0	1	1
root_44	0	1	1
root_45	0	1	5
root_46	0	1	10
root_47	0	1	11
root_48	0	1	28
root_49	0	1	13
root_50	0	1	22
root_51	0	1	27
root_52	0	1	13
root_53	0	1	49
root_54	0	1	27
root_55	0	1	37
root_56	0	1	63
root_57	0	1	17
root_58	0	1	87
root_59	0	1	60
root_60	0	1	6
root_61	0	1	42
root_62	0	1	83
root_63	0	1	87
root_64	0	1	10
root_65	0	1	9
root_66	0	1	5
root_67	0	1	5
ser_00	0	1	5
ser_01	0	1	3
ser_02	0	1	0
ser_03	0	1	2
ser_04	0	1	3
ser_05	0	1	2
ser_06	0	1	1
ser_07	0	1	4
ser_08	0	1	0
ser_09	0	1	1
ser_100	0	1	1
ser_10	0	1	4
ser_101	0	1	0
ser_102	0	1	1
ser_103	0	1	0
ser_104	0	1	1
ser_105	0	1	1
ser_106	0	1	2
ser_107	0	1	0
ser_108	0	1	1
ser_109	0	1	1
ser_110	0	1	0
ser_11	0	1	7
ser_111	0	1	5
ser_112	0	1	14
ser_113	0	1	8
ser_114	0	1	7
ser_115	0	1	8
ser_116	0	1	8
ser_117	0	1	12
ser_118	0	1	16
ser_119	0	1	7
ser_120	0	1	7
ser_12	0	1	3
ser_121	0	1	1
ser_122	0	1	1
ser_123	0	1	0
ser_124	0	1	0
ser_125	0	1	1
ser_126	0	1	1
ser_127	0	1	1
ser_128	0	1	1
ser_129	0	1	0
ser_130	0	1	1
ser_13	0	1	3
ser_131	0	1	5
ser_132	0	1	9
ser_133	0	1	9
ser_134	0	1	10
ser_135	0	1	11
ser_136	0	1	9
ser_137	0	1	9
ser_138	0	1	10
ser_139	0	1	13
ser_140	0	1	11
ser_14	0	1	16
ser_141	0	1	15
ser_142	0	1	12
ser_143	0	1	24
ser_144	0	1	24
ser_145	0	1	14
ser_146	0	1	10
ser_147	0	1	18
ser_148	0	1	31
ser_149	0	1	30
ser_150	0	1	29
ser_15	0	1	23
ser_151	0	1	17
ser_152	0	1	13
ser_153	0	1	14
ser_154	0	1	16
ser_155	0	1	17
ser_156	0	1	7
ser_157	0	1	7
ser_158	0	1	7
ser_159	0	1	8
ser_160	0	1	6
ser_16	0	1	21
ser_161	0	1	7
ser_162	0	1	7
ser_163	0	1	8
ser_164	0	1	9
ser_165	0	1	7
ser_166	0	1	7
ser_167	0	1	6
ser_168	0	1	12
ser_169	0	1	16
ser_170	0	1	17
ser_17	0	1	26
ser_171	0	1	16
ser_172	0	1	13
ser_173	0	1	9
ser_174	0	1	18
ser_175	0	1	15
ser_176	0	1	14
ser_177	0	1	14
ser_178	0	1	14
ser_179	0	1	13
ser_180	0	1	13
ser_18	0	1	11
ser_181	0	1	13
ser_182	0	1	10
ser_183	0	1	12
ser_184	0	1	11
ser_185	0	1	14
ser_186	0	1	11
ser_187	0	1	11
ser_188	0	1	12
ser_189	0	1	13
ser_190	0	1	13
ser_19	0	1	1
ser_191	0	1	8
ser_192	0	1	7
ser_193	0	1	7
ser_194	0	1	8
ser_195	0	1	9
ser_196	0	1	8
ser_197	0	1	10
ser_198	0	1	9
ser_199	0	1	10
ser_200	0	1	9
ser_20	0	1	3
ser_201	0	1	17
ser_202	0	1	18
ser_203	0	1	11
ser_204	0	1	9
ser_205	0	1	23
ser_206	0	1	22
ser_207	0	1	21
ser_208	0	1	21
ser_209	0	1	10
ser_210	0	1	10
ser_21	0	1	1
ser_211	0	1	12
ser_212	0	1	12
ser_213	0	1	6
ser_22	0	1	3
ser_23	0	1	3
ser_24	0	1	2
ser_25	0	1	0
ser_26	0	1	1
ser_27	0	1	7
ser_28	0	1	4
ser_29	0	1	1
ser_30	0	1	1
ser_31	0	1	2
ser_32	0	1	1
ser_33	0	1	1
ser_34	0	1	3
ser_35	0	1	5
ser_36	0	1	7
ser_37	0	1	6
ser_38	0	1	2
ser_39	0	1	3
ser_40	0	1	4
ser_41	0	1	2
ser_42	0	1	1
ser_43	0	1	16
ser_44	0	1	2
ser_45	0	1	5
ser_46	0	1	4
ser_47	0	1	5
ser_48	0	1	2
ser_49	0	1	7
ser_50	0	1	8
ser_51	0	1	1
ser_52	0	1	1
ser_53	0	1	5
ser_54	0	1	2
ser_55	0	1	2
ser_56	0	1	3
ser_57	0	1	5
ser_58	0	1	7
ser_59	0	1	12
ser_60	0	1	7
ser_61	0	1	9
ser_62	0	1	4
ser_63	0	1	1
ser_64	0	1	1
ser_65	0	1	0
ser_66	0	1	1
ser_67	0	1	1
ser_68	0	1	0
ser_69	0	1	1
ser_70	0	1	1
ser_71	0	1	1
ser_72	0	1	1
ser_73	0	1	1
ser_74	0	1	1
ser_75	0	1	1
ser_76	0	1	1
ser_77	0	1	1
ser_78	0	1	0
ser_79	0	1	1
ser_80	0	1	1
ser_81	0	1	1
ser_82	0	1	1
ser_83	0	1	1
ser_84	0	1	1
ser_85	0	1	1
ser_86	0	1	1
ser_87	0	1	1
ser_88	0	1	1
ser_89	0	1	1
ser_90	0	1	1
ser_91	0	1	1
ser_92	0	1	1
ser_93	0	1	1
ser_94	0	1	1
ser_95	0	1	1
ser_96	0	1	1
ser_97	0	1	1
ser_98	0	1	1
ser_99	0	1	1
